"Age.group","Anxiety","Depression","OCD","Hours.per.day","music_time_slot","spotify_listening_device","Num_Responses"
"12-20",5.96113989637306,4.59844559585492,2.82383419689119,4.16062176165803,"Afternoon","Computer or laptop",264
"20-35",6.19774011299435,5.82485875706215,2.8135593220339,3.77966101694915,"Night","Smartphone",599
"35-60",5.58620689655172,4.6551724137931,2.24137931034483,2.87931034482759,"Night","Smartphone",52
"60+",1.66666666666667,1.66666666666667,1.33333333333333,10.6666666666667,"Night","Smartphone",4
